ID,Order,Condition,Minute,HR,SCR
004,NNP,Resting,1,86,18.48302501
004,NNP,Resting,2,87,11.94587046
004,NNP,Resting,3,89,14.44503463
004,NNP,Resting,4,87,13.53894672
004,NNP,Resting,5,88,7.804276151
004,NNP,Negative,1,90,10.09752278
004,NNP,Negative,2,93,12.06542982
004,NNP,Negative,3,89,12.11670583
004,NNP,Negative,4,89,18.21188057
004,NNP,Negative,5,90,15.13677108
004,NNP,Neutral,1,96,14.33175185
004,NNP,Neutral,2,95,15.30882311
004,NNP,Neutral,3,94,18.02880647
004,NNP,Neutral,4,93,19.38817894
004,NNP,Neutral,5,87,7.273425914
004,NNP,Positive,1,87,13.33491392
004,NNP,Positive,2,87,8.27026046
004,NNP,Positive,3,89,7.14857904
004,NNP,Positive,4,92,14.25974642
004,NNP,Positive,5,89,10.37558578
005,PNN,Resting,1,71,34.92640328
005,PNN,Resting,2,67,3.577981225
005,PNN,Resting,3,69,3.111878816
005,PNN,Resting,4,69,2.479477578
005,PNN,Resting,5,69,1.705604481
005,PNN,Negative,1,74,31.14002301
005,PNN,Negative,2,73,7.706572808
005,PNN,Negative,3,74,10.08015424
005,PNN,Negative,4,76,31.83588398
005,PNN,Negative,5,74,14.20928413
005,PNN,Neutral,1,70,28.86595163
005,PNN,Neutral,2,72,8.083118368
005,PNN,Neutral,3,72,16.20836289
005,PNN,Neutral,4,78,32.15143111
005,PNN,Neutral,5,72,3.400847169
005,PNN,Positive,1,66,42.6303088
005,PNN,Positive,2,69,30.01856633
005,PNN,Positive,3,75,50.59672089
005,PNN,Positive,4,75,26.05621063
005,PNN,Positive,5,69,12.34025212
006,NNP,Resting,1,97,70.72861024
006,NNP,Resting,2,103,50.80850526
006,NNP,Resting,3,100,48.67502122
006,NNP,Resting,4,99,58.02203622
006,NNP,Resting,5,101,79.86065097
006,NNP,Negative,1,94,90.32748179
006,NNP,Negative,2,96,72.16857984
006,NNP,Negative,3,97,55.88065108
006,NNP,Negative,4,100,66.4953014
006,NNP,Negative,5,91,68.54905007
006,NNP,Neutral,1,90,72.92391937
006,NNP,Neutral,2,91,144.8490401
006,NNP,Neutral,3,91,88.48079069
006,NNP,Neutral,4,93,127.30953
006,NNP,Neutral,5,94,96.28430757
006,NNP,Positive,1,84,92.16751502
006,NNP,Positive,2,90,257.8100352
006,NNP,Positive,3,85,91.38890947
006,NNP,Positive,4,82,120.384648
006,NNP,Positive,5,80,81.33462982
008,NNP,Resting,1,79,96.02658415
008,NNP,Resting,2,80,6.104353687
008,NNP,Resting,3,80,7.588003487
008,NNP,Resting,4,82,7.592193931
008,NNP,Resting,5,79,5.542317404
008,NNP,Negative,1,76,55.84559751
008,NNP,Negative,2,76,53.53196421
008,NNP,Negative,3,79,69.62053327
008,NNP,Negative,4,79,233.2630271
008,NNP,Negative,5,76,18.81135136
008,NNP,Neutral,1,65,18.33774806
008,NNP,Neutral,2,72,25.13354591
008,NNP,Neutral,3,73,27.92552534
008,NNP,Neutral,4,72,27.72091257
008,NNP,Neutral,5,70,10.86289143
008,NNP,Positive,1,67,26.39413069
008,NNP,Positive,2,69,51.97720614
008,NNP,Positive,3,69,52.62920864
008,NNP,Positive,4,67,64.59474073
008,NNP,Positive,5,66,64.64172738
011,PNN,Resting,1,33,2.778712708
011,PNN,Resting,2,34,1.207893721
011,PNN,Resting,3,33,0.851299648
011,PNN,Resting,4,33,0.466347459
011,PNN,Resting,5,33,0.466533011
011,PNN,Negative,1,33,2.545940871
011,PNN,Negative,2,33,1.481551015
011,PNN,Negative,3,34,1.37093089
011,PNN,Negative,4,34,0.978455255
011,PNN,Negative,5,34,0.738541322
011,PNN,Neutral,1,34,3.284655506
011,PNN,Neutral,2,33,2.660531619
011,PNN,Neutral,3,34,0.94009926
011,PNN,Neutral,4,34,0.857202664
011,PNN,Neutral,5,36,0.64946527
011,PNN,Positive,1,33,4.649686792
011,PNN,Positive,2,34,1.025735144
011,PNN,Positive,3,34,0.734334325
011,PNN,Positive,4,35,0.994726267
011,PNN,Positive,5,34,1.251123958
013,PNN,Resting,1,72,32.48443047
013,PNN,Resting,2,74,25.22631699
013,PNN,Resting,3,75,45.68597038
013,PNN,Resting,4,74,40.43980177
013,PNN,Resting,5,75,57.57608857
013,PNN,Negative,1,71,10.83147878
013,PNN,Negative,2,70,21.2155489
013,PNN,Negative,3,73,27.35167458
013,PNN,Negative,4,74,17.67585683
013,PNN,Negative,5,70,19.74687987
013,PNN,Neutral,1,70,18.8768995
013,PNN,Neutral,2,73,6.738910011
013,PNN,Neutral,3,73,10.60640168
013,PNN,Neutral,4,72,20.30449246
013,PNN,Neutral,5,72,24.09639032
013,PNN,Positive,1,71,97.05763766
013,PNN,Positive,2,70,42.8643749
013,PNN,Positive,3,74,56.76097455
013,PNN,Positive,4,74,36.44027632
013,PNN,Positive,5,73,46.03817514
014,NNP,Resting,1,89,115.2402324
014,NNP,Resting,2,81,89.09904695
014,NNP,Resting,3,76,71.50748105
014,NNP,Resting,4,76,42.29444233
014,NNP,Resting,5,75,25.55639809
014,NNP,Negative,1,75,75.56995817
014,NNP,Negative,2,81,48.02742279
014,NNP,Negative,3,85,85.33222296
014,NNP,Negative,4,83,64.64286659
014,NNP,Negative,5,68,12.86789752
014,NNP,Neutral,1,73,69.04824014
014,NNP,Neutral,2,78,77.71143441
014,NNP,Neutral,3,77,80.99071024
014,NNP,Neutral,4,79,97.03074177
014,NNP,Neutral,5,72,9.43201958
014,NNP,Positive,1,69,109.2636049
014,NNP,Positive,2,70,35.24560733
014,NNP,Positive,3,74,58.91044786
014,NNP,Positive,4,80,70.58015103
014,NNP,Positive,5,76,66.36188765
015,PNN,Resting,1,69,47.96127485
015,PNN,Resting,2,69,18.05750693
015,PNN,Resting,3,72,13.29461108
015,PNN,Resting,4,72,17.31801921
015,PNN,Resting,5,70,6.264555171
015,PNN,Negative,1,66,51.86483141
015,PNN,Negative,2,65,14.28094765
015,PNN,Negative,3,67,31.79582472
015,PNN,Negative,4,70,45.32652319
015,PNN,Negative,5,68,12.95032007
015,PNN,Neutral,1,70,36.63631766
015,PNN,Neutral,2,68,15.61253014
015,PNN,Neutral,3,70,6.022465897
015,PNN,Neutral,4,71,11.44991507
015,PNN,Neutral,5,69,5.245228901
015,PNN,Positive,1,70,51.09378647
015,PNN,Positive,2,71,8.158575813
015,PNN,Positive,3,75,23.04325781
015,PNN,Positive,4,75,77.43303105
015,PNN,Positive,5,69,14.28495366
018,NNP,Resting,1,78,36.31874305
018,NNP,Resting,2,81,18.20691431
018,NNP,Resting,3,79,17.12058044
018,NNP,Resting,4,80,28.88740217
018,NNP,Resting,5,80,40.35881827
018,NNP,Negative,1,72,11.6831865
018,NNP,Negative,2,72,16.58827574
018,NNP,Negative,3,79,13.11299823
018,NNP,Negative,4,75,68.70156528
018,NNP,Negative,5,77,87.90836242
018,NNP,Neutral,1,72,885.194851
018,NNP,Neutral,2,74,743.1637253
018,NNP,Neutral,3,75,751.4483053
018,NNP,Neutral,4,75,759.7232375
018,NNP,Neutral,5,71,1270.081757
018,NNP,Positive,1,71,90.73321294
018,NNP,Positive,2,74,71.71643531
018,NNP,Positive,3,76,58.31226889
018,NNP,Positive,4,77,69.92885364
018,NNP,Positive,5,73,78.94614063
020,NNP,Resting,1,99,80.24748061
020,NNP,Resting,2,94,57.90048129
020,NNP,Resting,3,91,87.41712022
020,NNP,Resting,4,95,52.37863596
020,NNP,Resting,5,94,73.15901034
020,NNP,Negative,1,89,80.24748061
020,NNP,Negative,2,88,57.90048129
020,NNP,Negative,3,99,87.41712022
020,NNP,Negative,4,92,52.37863596
020,NNP,Negative,5,86,73.15901034
020,NNP,Neutral,1,77,41.94513433
020,NNP,Neutral,2,82,59.34192347
020,NNP,Neutral,3,87,96.71568885
020,NNP,Neutral,4,84,48.60349169
020,NNP,Neutral,5,77,30.16596887
020,NNP,Positive,1,80,46.59715706
020,NNP,Positive,2,81,59.87240496
020,NNP,Positive,3,86,72.48110516
020,NNP,Positive,4,90,55.49768281
020,NNP,Positive,5,78,48.15660343
021,PNN,Resting,1,90,49.61076639
021,PNN,Resting,2,91,29.12743423
021,PNN,Resting,3,84,11.12417881
021,PNN,Resting,4,84,13.8027027
021,PNN,Resting,5,88,20.29981487
021,PNN,Negative,1,75,17.04275901
021,PNN,Negative,2,75,5.778087109
021,PNN,Negative,3,76,5.559763349
021,PNN,Negative,4,78,15.71062742
021,PNN,Negative,5,80,6.051146441
021,PNN,Neutral,1,82,27.40766044
021,PNN,Neutral,2,75,4.149323272
021,PNN,Neutral,3,75,3.994999359
021,PNN,Neutral,4,77,8.76484753
021,PNN,Neutral,5,82,3.7108945
021,PNN,Positive,1,75,74.67429843
021,PNN,Positive,2,77,39.32971854
021,PNN,Positive,3,80,70.45748533
021,PNN,Positive,4,79,43.57080273
021,PNN,Positive,5,78,12.16970912
022,NNP,Resting,1,97,55.25947733
022,NNP,Resting,2,96,34.89701335
022,NNP,Resting,3,97,34.83717024
022,NNP,Resting,4,95,23.39462374
022,NNP,Resting,5,94,44.86028058
022,NNP,Negative,1,93,31.32026542
022,NNP,Negative,2,94,37.70280145
022,NNP,Negative,3,94,38.53202681
022,NNP,Negative,4,97,55.95723604
022,NNP,Negative,5,93,37.37054195
022,NNP,Neutral,1,95,135.4918892
022,NNP,Neutral,2,97,17.79470542
022,NNP,Neutral,3,99,14.37939952
022,NNP,Neutral,4,101,57.8043846
022,NNP,Neutral,5,97,20.02168495
022,NNP,Positive,1,92,10964.36824
022,NNP,Positive,2,96,4461.092996
022,NNP,Positive,3,96,10733.12583
022,NNP,Positive,4,98,8730.357285
022,NNP,Positive,5,98,13236.36278
023,PNN,Resting,1,98,33.56014395
023,PNN,Resting,2,98,80.70146142
023,PNN,Resting,3,96,17.64402064
023,PNN,Resting,4,99,28.9373982
023,PNN,Resting,5,94,18.58765194
023,PNN,Negative,1,72,34.17064579
023,PNN,Negative,2,66,71.39870921
023,PNN,Negative,3,66,4.47378699
023,PNN,Negative,4,70,5.88282268
023,PNN,Negative,5,69,34.79171796
023,PNN,Neutral,1,73,31.59340272
023,PNN,Neutral,2,69,2.465246433
023,PNN,Neutral,3,71,16.82751254
023,PNN,Neutral,4,74,12.78115997
023,PNN,Neutral,5,69,2.348980182
023,PNN,Positive,1,87,11.74436926
023,PNN,Positive,2,86,41.72365603
023,PNN,Positive,3,89,15.73714868
023,PNN,Positive,4,88,23.85636366
023,PNN,Positive,5,85,15.88256798
101,NNP,Resting,1,82,65.22864495
101,NNP,Resting,2,84,27.6398811
101,NNP,Resting,3,83,10.43834594
101,NNP,Resting,4,85,4.372592357
101,NNP,Resting,5,85,1.679396465
101,NNP,Negative,1,87,86.1325049
101,NNP,Negative,2,87,46.01620131
101,NNP,Negative,3,88,42.65606511
101,NNP,Negative,4,89,53.99554617
101,NNP,Negative,5,82,7.857363991
101,NNP,Neutral,1,81,23.64776396
101,NNP,Neutral,2,79,3.576239214
101,NNP,Neutral,3,82,7.279105727
101,NNP,Neutral,4,84,13.74279555
101,NNP,Neutral,5,83,1.868887454
101,NNP,Positive,1,79,19.3656713
101,NNP,Positive,2,80,2.599040488
101,NNP,Positive,3,84,11.33136353
101,NNP,Positive,4,85,21.7666477
101,NNP,Positive,5,81,3.981540132
102,PNN,Resting,1,85,51.17504136
102,PNN,Resting,2,90,22.03596099
102,PNN,Resting,3,91,30.70215752
102,PNN,Resting,4,91,29.68692949
102,PNN,Resting,5,94,21.21283574
102,PNN,Negative,1,85,52.45791603
102,PNN,Negative,2,83,112.7697484
102,PNN,Negative,3,88,110.2737633
102,PNN,Negative,4,92,126.0686567
102,PNN,Negative,5,88,58.3938173
102,PNN,Neutral,1,84,11656.22285
102,PNN,Neutral,2,87,17026.27037
102,PNN,Neutral,3,89,22216.15598
102,PNN,Neutral,4,91,19137.24517
102,PNN,Neutral,5,87,4530.972874
102,PNN,Positive,1,89,102.7794927
102,PNN,Positive,2,88,99.5190739
102,PNN,Positive,3,91,114.8671797
102,PNN,Positive,4,96,92.41556836
102,PNN,Positive,5,88,81.82360825
103,NNP,Resting,1,82,73.35708493
103,NNP,Resting,2,85,50.44847482
103,NNP,Resting,3,86,58.14902177
103,NNP,Resting,4,85,41.23045091
103,NNP,Resting,5,83,26.70187928
103,NNP,Negative,1,85,108.2411296
103,NNP,Negative,2,86,96.85545732
103,NNP,Negative,3,87,124.6706704
103,NNP,Negative,4,83,152.1110864
103,NNP,Negative,5,85,79.77930698
103,NNP,Neutral,1,93,161.794349
103,NNP,Neutral,2,86,86.12382314
103,NNP,Neutral,3,87,125.0026022
103,NNP,Neutral,4,85,109.4184511
103,NNP,Neutral,5,87,28.387568
103,NNP,Positive,1,82,124.2837774
103,NNP,Positive,2,83,56.74613958
103,NNP,Positive,3,85,76.64821718
103,NNP,Positive,4,84,102.1184635
103,NNP,Positive,5,84,105.7122265
104,PNN,Resting,1,68,37.75735184
104,PNN,Resting,2,70,48.32672339
104,PNN,Resting,3,71,1.670361201
104,PNN,Resting,4,71,0.009049666
104,PNN,Resting,5,72,0.010446148
104,PNN,Negative,1,63,28.87427739
104,PNN,Negative,2,67,42.01399846
104,PNN,Negative,3,71,21.89945896
104,PNN,Negative,4,70,25.27281383
104,PNN,Negative,5,61,22.36872863
104,PNN,Neutral,1,66,50.90201229
104,PNN,Neutral,2,62,24.21214901
104,PNN,Neutral,3,64,0.014583255
104,PNN,Neutral,4,66,0.010848169
104,PNN,Neutral,5,67,0.009549592
104,PNN,Positive,1,66,12.29253146
104,PNN,Positive,2,67,8.145954497
104,PNN,Positive,3,66,10.10503182
104,PNN,Positive,4,71,8.32583518
104,PNN,Positive,5,68,56.81711994
106,PNN,Resting,1,68,198.5973586
106,PNN,Resting,2,71,21.52352502
106,PNN,Resting,3,67,43.37765892
106,PNN,Resting,4,66,58.79221855
106,PNN,Resting,5,66,37.15445278
106,PNN,Negative,1,70,33.27230752
106,PNN,Negative,2,73,129.4302698
106,PNN,Negative,3,67,15.30360792
106,PNN,Negative,4,68,104.2124402
106,PNN,Negative,5,74,91.07704985
106,PNN,Neutral,1,76,230.6141519
106,PNN,Neutral,2,72,176.2176479
106,PNN,Neutral,3,74,125.0474396
106,PNN,Neutral,4,,306.9725218
106,PNN,Neutral,5,69,61.84173798
106,PNN,Positive,1,65,150.141413
106,PNN,Positive,2,66,64.32222315
106,PNN,Positive,3,65,40.73127635
106,PNN,Positive,4,70,142.3476609
106,PNN,Positive,5,66,86.58813415
107,NNP,Resting,1,77,55.20412296
107,NNP,Resting,2,70,27.69478986
107,NNP,Resting,3,70,20.08102402
107,NNP,Resting,4,68,33.02250556
107,NNP,Resting,5,70,34.87653048
107,NNP,Negative,1,59,12.48728335
107,NNP,Negative,2,63,56.18051946
107,NNP,Negative,3,63,9.479369709
107,NNP,Negative,4,64,25.83784539
107,NNP,Negative,5,62,31.7518832
107,NNP,Neutral,1,63,29.24142534
107,NNP,Neutral,2,61,29.1407049
107,NNP,Neutral,3,65,17.36733306
107,NNP,Neutral,4,67,37.444093
107,NNP,Neutral,5,60,19.16401589
107,NNP,Positive,1,58,35.78890121
107,NNP,Positive,2,47,29.63820902
107,NNP,Positive,3,63,31.85849549
107,NNP,Positive,4,63,12.23292264
107,NNP,Positive,5,66,26.45922399
111,PNN,Resting,1,65,61.69762299
111,PNN,Resting,2,66,80.57546057
111,PNN,Resting,3,64,48.05124074
111,PNN,Resting,4,68,281.6903788
111,PNN,Resting,5,68,48.83591968
111,PNN,Negative,1,61,64.91894211
111,PNN,Negative,2,59,7.365330369
111,PNN,Negative,3,63,6.803315745
111,PNN,Negative,4,66,126.7030873
111,PNN,Negative,5,,63.02406886
111,PNN,Neutral,1,59,46.35084716
111,PNN,Neutral,2,57,1.825002461
111,PNN,Neutral,3,64,43.16898773
111,PNN,Neutral,4,53,49.68365766
111,PNN,Neutral,5,62,70.97362765
111,PNN,Positive,1,59,435.9930477
111,PNN,Positive,2,59,90.56408381
111,PNN,Positive,3,64,111.5114809
111,PNN,Positive,4,64,149.4372713
111,PNN,Positive,5,60,386.2752145
112,NNP,Resting,1,88,13.51508533
112,NNP,Resting,2,88,2.711444245
112,NNP,Resting,3,91,1.520479952
112,NNP,Resting,4,89,0.917158935
112,NNP,Resting,5,90,0.777639443
112,NNP,Negative,1,90,28.02359694
112,NNP,Negative,2,90,3.886538878
112,NNP,Negative,3,89,27.67489627
112,NNP,Negative,4,92,6.825531205
112,NNP,Negative,5,91,21.10592756
112,NNP,Neutral,1,88,21.56344229
112,NNP,Neutral,2,86,4.797703843
112,NNP,Neutral,3,87,6.406919885
112,NNP,Neutral,4,85,3.041108499
112,NNP,Neutral,5,89,4.678810803
112,NNP,Positive,1,86,31.45536239
112,NNP,Positive,2,86,2.97562299
112,NNP,Positive,3,86,4.43760459
112,NNP,Positive,4,88,6.768404454
112,NNP,Positive,5,88,6.460844757
113,PNN,Resting,1,62,44.6047662
113,PNN,Resting,2,66,16.36946088
113,PNN,Resting,3,66,40.29632474
113,PNN,Resting,4,66,21.02909378
113,PNN,Resting,5,65,16.12949098
113,PNN,Negative,1,54,6.814638837
113,PNN,Negative,2,59,6.539516093
113,PNN,Negative,3,60,3.639439119
113,PNN,Negative,4,63,4.638809532
113,PNN,Negative,5,63,4.958444856
113,PNN,Neutral,1,58,25.33732185
113,PNN,Neutral,2,62,5.926458391
113,PNN,Neutral,3,61,3.852712023
113,PNN,Neutral,4,65,5.69080885
113,PNN,Neutral,5,58,3.200315024
113,PNN,Positive,1,64,46.26920079
113,PNN,Positive,2,67,39.10312878
113,PNN,Positive,3,69,60.02323088
113,PNN,Positive,4,71,57.52094675
113,PNN,Positive,5,68,45.91732356
117,PNN,Resting,1,114,35.92212232
117,PNN,Resting,2,108,30.47963284
117,PNN,Resting,3,105,41.43844072
117,PNN,Resting,4,107,47.21572905
117,PNN,Resting,5,107,31.24836682
117,PNN,Negative,1,95,41.32593741
117,PNN,Negative,2,93,7.340509848
117,PNN,Negative,3,97,10.44090226
117,PNN,Negative,4,94,12.34928331
117,PNN,Negative,5,95,13.42125583
117,PNN,Neutral,1,100,21.11761749
117,PNN,Neutral,2,100,44.44883225
117,PNN,Neutral,3,100,22.86917171
117,PNN,Neutral,4,101,44.24788151
117,PNN,Neutral,5,92,11.51400116
117,PNN,Positive,1,95,53.41607235
117,PNN,Positive,2,99,71.16699804
117,PNN,Positive,3,102,57.31764572
117,PNN,Positive,4,104,53.86672904
117,PNN,Positive,5,101,45.35579272
118,NNP,Resting,1,83,16.89558515
118,NNP,Resting,2,81,6.721628091
118,NNP,Resting,3,78,5.02299087
118,NNP,Resting,4,80,5.761099552
118,NNP,Resting,5,80,12.8496614
118,NNP,Negative,1,83,50.98980075
118,NNP,Negative,2,80,40.22918176
118,NNP,Negative,3,80,35.15733092
118,NNP,Negative,4,81,36.72437252
118,NNP,Negative,5,77,15.04071458
118,NNP,Neutral,1,75,52.15103003
118,NNP,Neutral,2,79,25.71929952
118,NNP,Neutral,3,73,34.62729743
118,NNP,Neutral,4,75,16.46323927
118,NNP,Neutral,5,76,2.121952984
118,NNP,Positive,1,74,42.80180903
118,NNP,Positive,2,76,25.15333941
118,NNP,Positive,3,77,18.84483589
118,NNP,Positive,4,76,12.59443159
118,NNP,Positive,5,75,4.420630372
120,NNP,Resting,1,90,9.029355782
120,NNP,Resting,2,94,0.632607701
120,NNP,Resting,3,96,1.343653977
120,NNP,Resting,4,91,0.585765276
120,NNP,Resting,5,91,1.083315972
120,NNP,Negative,1,86,69.06376826
120,NNP,Negative,2,85,1.0734
120,NNP,Negative,3,86,0.82733131
120,NNP,Negative,4,90,4.867379729
120,NNP,Negative,5,89,1.015931283
120,NNP,Neutral,1,86,18.11551094
120,NNP,Neutral,2,84,0.842804517
120,NNP,Neutral,3,88,0.705879751
120,NNP,Neutral,4,88,1.385283943
120,NNP,Neutral,5,86,0.556137086
120,NNP,Positive,1,80,8.887104041
120,NNP,Positive,2,80,0.8004298
120,NNP,Positive,3,82,0.848640738
120,NNP,Positive,4,86,1.634119717
120,NNP,Positive,5,85,0.594710712
121,PNN,Resting,1,81,149.6312243
121,PNN,Resting,2,80,149.2066826
121,PNN,Resting,3,81,87.85532982
121,PNN,Resting,4,78,48.30091868
121,PNN,Resting,5,80,117.6034343
121,PNN,Negative,1,70,61.64491815
121,PNN,Negative,2,69,7.383674875
121,PNN,Negative,3,71,19.52723549
121,PNN,Negative,4,69,62.67387222
121,PNN,Negative,5,69,17.7466014
121,PNN,Neutral,1,69,96.89552613
121,PNN,Neutral,2,70,28.89364685
121,PNN,Neutral,3,72,103.6159383
121,PNN,Neutral,4,71,140.3328451
121,PNN,Neutral,5,74,71.64955362
121,PNN,Positive,1,75,160.533155
121,PNN,Positive,2,80,125.7607606
121,PNN,Positive,3,74,120.8718554
121,PNN,Positive,4,74,169.0170108
121,PNN,Positive,5,72,32.30448531
122,NNP,Resting,1,78,117.8089091
122,NNP,Resting,2,75,30.64854744
122,NNP,Resting,3,77,22.51885015
122,NNP,Resting,4,79,16.83504107
122,NNP,Resting,5,77,21.7693116
122,NNP,Negative,1,70,71.13971825
122,NNP,Negative,2,72,198.5423273
122,NNP,Negative,3,75,213.7652497
122,NNP,Negative,4,75,220.4559022
122,NNP,Negative,5,74,116.9670237
122,NNP,Neutral,1,71,95.99787693
122,NNP,Neutral,2,73,265.9797024
122,NNP,Neutral,3,73,140.8476309
122,NNP,Neutral,4,76,175.308706
122,NNP,Neutral,5,76,433.1881795
122,NNP,Positive,1,73,154.8419629
122,NNP,Positive,2,71,248.5858555
122,NNP,Positive,3,72,260.2618448
122,NNP,Positive,4,70,307.4672599
122,NNP,Positive,5,70,123.2701641
123,PNN,Resting,1,80,21.19270899
123,PNN,Resting,2,80,25.13391397
123,PNN,Resting,3,77,12.88067913
123,PNN,Resting,4,78,18.2693652
123,PNN,Resting,5,79,14.25461858
123,PNN,Negative,1,72,15.14641527
123,PNN,Negative,2,73,10.32601759
123,PNN,Negative,3,77,34.26619224
123,PNN,Negative,4,76,11.39888429
123,PNN,Negative,5,74,2.715183929
123,PNN,Neutral,1,73,21.57118131
123,PNN,Neutral,2,72,8.367391948
123,PNN,Neutral,3,73,9.489798155
123,PNN,Neutral,4,73,7.641715882
123,PNN,Neutral,5,71,5.229064845
123,PNN,Positive,1,72,31.67355379
123,PNN,Positive,2,74,19.62123817
123,PNN,Positive,3,77,24.98715348
123,PNN,Positive,4,76,61.94861172
123,PNN,Positive,5,72,14.64281279
125,PNN,Resting,1,85,108.5187508
125,PNN,Resting,2,82,133.159584
125,PNN,Resting,3,85,111.7880455
125,PNN,Resting,4,83,117.0278734
125,PNN,Resting,5,83,105.329791
125,PNN,Negative,1,79,112.139119
125,PNN,Negative,2,80,82.93383707
125,PNN,Negative,3,85,115.9599655
125,PNN,Negative,4,86,120.045945
125,PNN,Negative,5,84,138.5636705
125,PNN,Neutral,1,79,145.2797612
125,PNN,Neutral,2,79,123.8219319
125,PNN,Neutral,3,78,154.6910399
125,PNN,Neutral,4,79,116.1637502
125,PNN,Neutral,5,80,27.10849559
125,PNN,Positive,1,85,148.9456717
125,PNN,Positive,2,84,140.8061504
125,PNN,Positive,3,87,123.7332758
125,PNN,Positive,4,87,106.4102394
125,PNN,Positive,5,79,63.61395809
127,PNN,Resting,1,84,172.8780722
127,PNN,Resting,2,88,128.0488059
127,PNN,Resting,3,98,56.87944039
127,PNN,Resting,4,99,87.19990202
127,PNN,Resting,5,100,69.3287022
127,PNN,Negative,1,78,36.44466177
127,PNN,Negative,2,77,8.220143084
127,PNN,Negative,3,84,3.080620083
127,PNN,Negative,4,83,4.744670073
127,PNN,Negative,5,79,11.82670541
127,PNN,Neutral,1,79,21.14462588
127,PNN,Neutral,2,79,4.886668327
127,PNN,Neutral,3,79,20.50893563
127,PNN,Neutral,4,81,17.42316566
127,PNN,Neutral,5,80,5.846947001
127,PNN,Positive,1,80,133.5179598
127,PNN,Positive,2,81,87.82603752
127,PNN,Positive,3,79,173.0480532
127,PNN,Positive,4,81,220.3927486
127,PNN,Positive,5,77,30.70115126
204,PNN,Resting,1,69,105.114794
204,PNN,Resting,2,67,23.28174924
204,PNN,Resting,3,71,12.06621855
204,PNN,Resting,4,72,8.473826901
204,PNN,Resting,5,73,15.53937786
204,PNN,Negative,1,67,275.4586922
204,PNN,Negative,2,65,24.75402133
204,PNN,Negative,3,65,16.41475953
204,PNN,Negative,4,64,39.64674582
204,PNN,Negative,5,63,21.29804681
204,PNN,Neutral,1,70,168.4027629
204,PNN,Neutral,2,66,21.46362654
204,PNN,Neutral,3,65,31.35029811
204,PNN,Neutral,4,66,47.13796694
204,PNN,Neutral,5,64,4.776589448
204,PNN,Positive,1,67,86.26810936
204,PNN,Positive,2,67,87.88630582
204,PNN,Positive,3,67,91.75998181
204,PNN,Positive,4,69,110.247246
204,PNN,Positive,5,69,29.62841255
210,NNP,Resting,1,82,153.5418887
210,NNP,Resting,2,78,57.67607586
210,NNP,Resting,3,81,28.77841416
210,NNP,Resting,4,83,181.4736616
210,NNP,Resting,5,81,40.68414692
210,NNP,Negative,1,76,88.51152848
210,NNP,Negative,2,78,70.75894889
210,NNP,Negative,3,78,128.6986956
210,NNP,Negative,4,78,67.44589084
210,NNP,Negative,5,78,64.6587564
210,NNP,Neutral,1,79,71.64757584
210,NNP,Neutral,2,77,55.21289196
210,NNP,Neutral,3,78,125.3157048
210,NNP,Neutral,4,76,121.537323
210,NNP,Neutral,5,74,22.08875371
210,NNP,Positive,1,73,199.8145943
210,NNP,Positive,2,79,163.0999821
210,NNP,Positive,3,72,99.69022054
210,NNP,Positive,4,76,124.5914634
210,NNP,Positive,5,75,124.4080185
211,NNP,Resting,1,72,58.83797417
211,NNP,Resting,2,71,22.67330684
211,NNP,Resting,3,72,27.17848814
211,NNP,Resting,4,72,48.42510719
211,NNP,Resting,5,71,89.90760763
211,NNP,Negative,1,68,55.17407278
211,NNP,Negative,2,71,135.7411564
211,NNP,Negative,3,72,108.2385924
211,NNP,Negative,4,73,173.0475221
211,NNP,Negative,5,71,112.6275991
211,NNP,Neutral,1,69,69.8673618
211,NNP,Neutral,2,70,132.1883242
211,NNP,Neutral,3,70,107.8617712
211,NNP,Neutral,4,68,79.5655743
211,NNP,Neutral,5,69,32.54538332
211,NNP,Positive,1,70,124.5522559
211,NNP,Positive,2,72,130.7148369
211,NNP,Positive,3,79,161.6478278
211,NNP,Positive,4,73,237.8154802
211,NNP,Positive,5,69,68.71719437
212,NNP,Resting,1,82,18.0575093
212,NNP,Resting,2,81,16.31031534
212,NNP,Resting,3,83,4.812652972
212,NNP,Resting,4,78,11.69335432
212,NNP,Resting,5,78,18.77578923
212,NNP,Negative,1,63,45.53626509
212,NNP,Negative,2,68,21.82747183
212,NNP,Negative,3,62,24.05403256
212,NNP,Negative,4,66,27.35481092
212,NNP,Negative,5,66,48.57759415
212,NNP,Neutral,1,62,37.45618294
212,NNP,Neutral,2,61,3.79303065
212,NNP,Neutral,3,61,8.157196529
212,NNP,Neutral,4,62,5.589452228
212,NNP,Neutral,5,63,1.223775678
212,NNP,Positive,1,62,7.292597238
212,NNP,Positive,2,59,6.972052997
212,NNP,Positive,3,62,23.82659942
212,NNP,Positive,4,62,10.28981713
212,NNP,Positive,5,58,7.588462599
214,PNN,Resting,1,77,60.26274777
214,PNN,Resting,2,80,2.659055828
214,PNN,Resting,3,80,0.393786724
214,PNN,Resting,4,79,0.36557889
214,PNN,Resting,5,77,0.353145632
214,PNN,Negative,1,77,390.6486097
214,PNN,Negative,2,67,57.92823253
214,PNN,Negative,3,71,99.01174544
214,PNN,Negative,4,82,58.39366795
214,PNN,Negative,5,76,13.03452117
214,PNN,Neutral,1,73,33.33808981
214,PNN,Neutral,2,77,1.207299933
214,PNN,Neutral,3,76,3.841213686
214,PNN,Neutral,4,76,11.64396204
214,PNN,Neutral,5,75,0.6943535
214,PNN,Positive,1,77,179.485092
214,PNN,Positive,2,75,54.98586203
214,PNN,Positive,3,74,219.1173469
214,PNN,Positive,4,72,56.29654903
214,PNN,Positive,5,68,12.63527155
215,NNP,Resting,1,82,36.9664485
215,NNP,Resting,2,85,14.03150632
215,NNP,Resting,3,87,6.713197996
215,NNP,Resting,4,82,22.92669077
215,NNP,Resting,5,82,4.284212688
215,NNP,Negative,1,83,90.53619739
215,NNP,Negative,2,85,53.96096083
215,NNP,Negative,3,87,14.42450392
215,NNP,Negative,4,87,51.07874656
215,NNP,Negative,5,83,32.23227324
215,NNP,Neutral,1,90,23.10191708
215,NNP,Neutral,2,88,5.682402633
215,NNP,Neutral,3,90,7.650570604
215,NNP,Neutral,4,91,39.27878077
215,NNP,Neutral,5,88,7.741037269
215,NNP,Positive,1,92,24.41605155
215,NNP,Positive,2,89,8.457779009
215,NNP,Positive,3,89,9.299426304
215,NNP,Positive,4,93,25.65585311
215,NNP,Positive,5,91,26.10801089
216,PNN,Resting,1,74,32.64918022
216,PNN,Resting,2,75,7.283548702
216,PNN,Resting,3,75,10.25752775
216,PNN,Resting,4,77,13.60063717
216,PNN,Resting,5,76,10.01083263
216,PNN,Negative,1,73,24.06548625
216,PNN,Negative,2,69,2.146319161
216,PNN,Negative,3,72,8.42197505
216,PNN,Negative,4,72,22.94697423
216,PNN,Negative,5,74,35.07406078
216,PNN,Neutral,1,77,22.53974023
216,PNN,Neutral,2,70,2.648861243
216,PNN,Neutral,3,75,9.72490378
216,PNN,Neutral,4,73,16.89363463
216,PNN,Neutral,5,74,4.930363078
216,PNN,Positive,1,77,206.0048825
216,PNN,Positive,2,75,53.55000431
216,PNN,Positive,3,79,57.15971559
216,PNN,Positive,4,80,69.57826535
216,PNN,Positive,5,79,17.41755272
